LINK_RECORD,https://hike.qvdijk.nl/scan/fe6c9df8,URL
LINK_RECORD,https://hike.qvdijk.nl/scan/948065bd,URL
LINK_RECORD,https://hike.qvdijk.nl/scan/f7ebde2c,URL
LINK_RECORD,https://hike.qvdijk.nl/scan/116ec1e1,URL
LINK_RECORD,https://hike.qvdijk.nl/scan/46b77492,URL
LINK_RECORD,https://hike.qvdijk.nl/scan/d030dd45,URL
LINK_RECORD,https://hike.qvdijk.nl/scan/713cec35,URL
LINK_RECORD,https://hike.qvdijk.nl/scan/bea182dc,URL
LINK_RECORD,https://hike.qvdijk.nl/scan/2d661b25,URL
LINK_RECORD,https://hike.qvdijk.nl/scan/28e81e87,URL
LINK_RECORD,https://hike.qvdijk.nl/scan/51065b10,URL
LINK_RECORD,https://hike.qvdijk.nl/scan/aed6ed5f,URL
LINK_RECORD,https://hike.qvdijk.nl/scan/6f570ccf,URL
LINK_RECORD,https://hike.qvdijk.nl/scan/88ef4cc5,URL
LINK_RECORD,https://hike.qvdijk.nl/scan/1337134d,URL
LINK_RECORD,https://hike.qvdijk.nl/scan/cc12a1d9,URL
LINK_RECORD,https://hike.qvdijk.nl/scan/147414e7,URL
LINK_RECORD,https://hike.qvdijk.nl/scan/c7a50a47,URL
LINK_RECORD,https://hike.qvdijk.nl/scan/dba4329d,URL
LINK_RECORD,https://hike.qvdijk.nl/scan/f55d2ff3,URL
LINK_RECORD,https://hike.qvdijk.nl/scan/88ead573,URL
LINK_RECORD,https://hike.qvdijk.nl/scan/7174b169,URL
LINK_RECORD,https://hike.qvdijk.nl/scan/b06ba3f8,URL
LINK_RECORD,https://hike.qvdijk.nl/scan/088dbf4e,URL
LINK_RECORD,https://hike.qvdijk.nl/scan/66c293a2,URL
LINK_RECORD,https://hike.qvdijk.nl/scan/475b7e70,URL
LINK_RECORD,https://hike.qvdijk.nl/scan/ab93238f,URL
LINK_RECORD,https://hike.qvdijk.nl/scan/25248b74,URL
LINK_RECORD,https://hike.qvdijk.nl/scan/6a278fa1,URL
LINK_RECORD,https://hike.qvdijk.nl/scan/a9e67dee,URL
LINK_RECORD,https://hike.qvdijk.nl/scan/89cb50d7,URL
LINK_RECORD,https://hike.qvdijk.nl/scan/5a705717,URL
LINK_RECORD,https://hike.qvdijk.nl/scan/5f1b3f33,URL
LINK_RECORD,https://hike.qvdijk.nl/scan/77e56940,URL
LINK_RECORD,https://hike.qvdijk.nl/scan/56cac246,URL
LINK_RECORD,https://hike.qvdijk.nl/scan/0f3c8127,URL
LINK_RECORD,https://hike.qvdijk.nl/scan/eaefb73c,URL
LINK_RECORD,https://hike.qvdijk.nl/scan/aaed15e0,URL
LINK_RECORD,https://hike.qvdijk.nl/scan/f7da420b,URL
LINK_RECORD,https://hike.qvdijk.nl/scan/0886eb9a,URL
LINK_RECORD,https://hike.qvdijk.nl/scan/259e8e81,URL
LINK_RECORD,https://hike.qvdijk.nl/scan/713e7e49,URL
LINK_RECORD,https://hike.qvdijk.nl/scan/9daf4d7f,URL
LINK_RECORD,https://hike.qvdijk.nl/scan/7ccf5484,URL
LINK_RECORD,https://hike.qvdijk.nl/scan/a63f6677,URL
LINK_RECORD,https://hike.qvdijk.nl/scan/40084025,URL
LINK_RECORD,https://hike.qvdijk.nl/scan/287bf72a,URL
LINK_RECORD,https://hike.qvdijk.nl/scan/d9404257,URL
LINK_RECORD,https://hike.qvdijk.nl/scan/357ede60,URL
LINK_RECORD,https://hike.qvdijk.nl/scan/6101aec0,URL
